<?xml version="1.0" encoding="UTF-8" standalone="no"?>

<clothing>
	<coreAttributes>
		<value>10</value>
		<determiner><![CDATA[a]]></determiner>
		<name><![CDATA[bubblegum hair tie]]></name>
		<namePlural pluralByDefault="false"><![CDATA[bubblegum hair ties]]></namePlural>
		<description><![CDATA[A  hair tie with two beads, very reminiscent of bubblegum.]]></description>
		<physicalResistance>0</physicalResistance>
		<femininity>FEMININE</femininity>
		<slot>HAIR</slot>
		<rarity>COMMON</rarity>
		<clothingSet/>
		<imageName>bubblegum_hairtie_opt.svg</imageName>
		<imageEquippedName/>
		<enchantmentLimit/>
		<effects/>
		
		<blockedPartsList>
			<blockedParts>
				<displacementType>REMOVE_OR_EQUIP</displacementType>
				<clothingAccessRequired/>
				<blockedBodyParts/>
				<clothingAccessBlocked/>
				<concealedSlots/>
			</blockedParts>
		</blockedPartsList>
		
		<incompatibleSlots/>
		
		<primaryColours values="JUST_PINK" />
		<primaryColoursDye values="ALL"/>
		<secondaryColours values="ALL_METALS"/>
		<secondaryColoursDye values="ALL_METALS"/>
		<tertiaryColours/>
		<tertiaryColoursDye/>
	
		<itemTags>
			<tag>GIFT</tag><tag>SOLD_BY_NYAN</tag>

		</itemTags>
	</coreAttributes>

  <replacementText type="REMOVE_OR_EQUIP">
    <self>
      <![CDATA[[npc.Name] [npc.verb(ties)] the tie into [npc.her] [npc.hair(true)].]]>
    </self>
    <other>
      <![CDATA[[npc.Name] [npc.verb(ties)] the tie into [npc2.namePos] [npc2.hair(true)].]]>
    </other>
    <otherRough>
      <![CDATA[[npc.Name] roughly [npc.verb(ties)] the tie into [npc2.namePos] [npc2.hair(true)].]]>
    </otherRough>
  </replacementText>

  <displacementText type="REMOVE_OR_EQUIP">
    <self>
      <![CDATA[[npc.Name] [npc.verb(take)] the tie out of [npc.her] [npc.hair(true)].]]>
    </self>
    <other>
      <![CDATA[[npc.Name] [npc.verb(take)] the tie out of [npc2.namePos] [npc2.hair(true)].]]>
    </other>
    <otherRough>
      <![CDATA[[npc.Name] [npc.verb(snatch)] the tie out of [npc2.namePos] [npc2.hair(true)].]]>
    </otherRough>
  </displacementText>
  
</clothing>
