<?xml version="1.0" encoding="UTF-8" standalone="no"?>

<clothing>
	<coreAttributes>
		<value>10</value>
		<determiner><![CDATA[a]]></determiner>
		<name><![CDATA[cute octopus hair clip]]></name>
		<namePlural pluralByDefault="false"><![CDATA[cute octopus hair clips]]></namePlural>
		<description><![CDATA[A plastic hair clip in the shape of a cute octopus.]]></description>
		<physicalResistance>0</physicalResistance>
		<femininity>FEMININE</femininity>
		<slot>HAIR</slot>
		<rarity>COMMON</rarity>
		<clothingSet/>
		<imageName>octopus_clip_opt.svg</imageName>
		<imageEquippedName/>
		<enchantmentLimit/>
		<effects/>
		
		<blockedPartsList>
			<blockedParts>
				<displacementType>REMOVE_OR_EQUIP</displacementType>
				<clothingAccessRequired/>
				<blockedBodyParts/>
				<clothingAccessBlocked/>
				<concealedSlots/>
			</blockedParts>
		</blockedPartsList>
		
		<incompatibleSlots/>
		
		<primaryColours values="ALL" />
		<primaryColoursDye values="ALL"/>
		<secondaryColours values="ALL_METALS"/>
		<secondaryColoursDye values="ALL_METALS"/>
		<tertiaryColours/>
		<tertiaryColoursDye/>
	
		<itemTags>
			<tag>GIFT</tag><tag>SOLD_BY_NYAN</tag>
		</itemTags>
	</coreAttributes>

  <replacementText type="REMOVE_OR_EQUIP">
    <self>
      <![CDATA[[npc.Name] [npc.verb(tuck)] the clip into [npc.her] [npc.hair(true)].]]>
    </self>
    <other>
      <![CDATA[[npc.Name] [npc.verb(tuck)] the clip into [npc2.namePos] [npc2.hair(true)].]]>
    </other>
    <otherRough>
      <![CDATA[[npc.Name] roughly [npc.verb(push)] the clip into [npc2.namePos] [npc2.hair(true)].]]>
    </otherRough>
  </replacementText>

  <displacementText type="REMOVE_OR_EQUIP">
    <self>
      <![CDATA[[npc.Name] [npc.verb(take)] the clip out of [npc.her] [npc.hair(true)].]]>
    </self>
    <other>
      <![CDATA[[npc.Name] [npc.verb(take)] the clip out of [npc2.namePos] [npc2.hair(true)].]]>
    </other>
    <otherRough>
      <![CDATA[[npc.Name] [npc.verb(snatch)] the clip out of [npc2.namePos] [npc2.hair(true)].]]>
    </otherRough>
  </displacementText>
  
</clothing>
