<?xml version="1.0" encoding="UTF-8" standalone="no"?>
<weapon>
	<coreAttributes>
	
		<value>5000</value> 
		
		<melee>false</melee>
		
		<twoHanded>false</twoHanded>
		
		<determiner><![CDATA[]]></determiner>
		
		<name><![CDATA[round fan]]></name>
		
		<namePlural pluralByDefault="false"><![CDATA[round_fans]]></namePlural>
		
		<description><![CDATA[An arcane weapon in the form of a traditional Chinese fan.]]></description> 
		
		<attackDescriptor>wave</attackDescriptor>
		
		<attackTooltipDescription><![CDATA[Wave at [npc2.name] with your fan.]]></attackTooltipDescription>
		
		<rarity>COMMON</rarity> 
		
		<weaponSet/> 
		
		<equipText><![CDATA[[npc.Name] [npc.verb(holds)] [npc.her] fan coyly before [npc.her] face, ready to use it.]]></equipText>
		
		<unequipText><![CDATA[[npc.Name] puts away [npc.her] fan.]]></unequipText>
		
		<imageName>round_fan_sheathed_opt.svg</imageName> 
		
		<imageEquippedName>round_fan_opt.svg</imageEquippedName> 
		
		<damage>20</damage> 

		
		<arcaneCost>0</arcaneCost> 
		
		<damageVariance>LOW</damageVariance> 
		
		<availableDamageTypes>
			<damageType>PHYSICAL</damageType>
			<damageType>FIRE</damageType>
			<damageType>ICE</damageType>
			<damageType>POISON</damageType>
		</availableDamageTypes>
		
		<spells/>
		
		<effects> 
              <effect itemEffectType="WEAPON" limit="0" potency="MAJOR_BOOST" primaryModifier="CLOTHING_ATTRIBUTE" secondaryModifier="DAMAGE_WEAPON" timer="0"/>
              <effect itemEffectType="WEAPON" limit="0" potency="MAJOR_BOOST" primaryModifier="CLOTHING_ATTRIBUTE" secondaryModifier="CRITICAL_DAMAGE" timer="0"/>
		</effects>
		
		<primaryColours>
			<colour>CLOTHING_DESATURATED_BROWN</colour>
			<colour>CLOTHING_BROWN_DARK</colour>
			<colour>CLOTHING_BROWN_VERY_DARK</colour>
			<colour>CLOTHING_BLACK</colour>
		</primaryColours> 
		<primaryColoursDye values="ALL"/>
		<secondaryColours values="ALL"/> 
		<secondaryColoursDye values="ALL"/>
		
		<customColours>
			<customColour copyColourIndex="0" c0="#6C5353" c1="#916F6F" c2="#AC9393" c3="#C8B7B7" c4="#E3DBDB">
				<defaultColours>
					<colour>CLOTHING_DESATURATED_BROWN</colour>
				</defaultColours> 
				<extraColours values="ALL_WITH_METALS"/>
			</customColour>
			<customColour copyColourIndex="1" c0="#6C5D53" c1="#917C6F" c2="#AC9D93" c3="#C8BEB7" c4="#E3DEDB">
				<defaultColours>
					<colour>CLOTHING_STEEL</colour>
				</defaultColours> 
				<extraColours values="ALL_METAL"/>
			</customColour>
		</customColours>
		
		<itemTags> 
			<tag>SOLD_BY_VICKY</tag>
			<tag>WEAPON_BLADE</tag>
		</itemTags>
		
	</coreAttributes>
	
	<hitDescriptions>
		<hitText><![CDATA[
		[npc.Name] waves [npc.her] round_fan at [npc2.name], grinning as the wave of arcane-infused sound hits [npc2.her] body!
		]]></hitText>
		<hitText><![CDATA[
		Waving [npc.her] fan at [npc2.name], [npc.name] [npc.verb(grin)] as [npc.she] [npc.verb(see)] the arcane-infused pressure wave travel straight through [npc2.her] body!
		]]></hitText>
		<hitText><![CDATA[
		[npc.Name] waves at [npc2.name] with [npc.her] round_fan, causing [npc2.herHim] to stagger back as the arcane-infused pressure wave passes right through [npc2.her] chest!
		]]></hitText>
	</hitDescriptions>

	<!-- Descriptions that are used when missing an enemy. One of the missText values will be randomly selected each time the attacker misses their target. Follow the same guidelines as equipText. -->
	<missDescriptions>
		<missText><![CDATA[
		[npc.Name] waves [npc.her] round_fan at [npc2.name], but [npc.verb(end)] up missing [npc2.herHim]!
		]]></missText>
		<missText><![CDATA[
		Waving at [npc2.name] with [npc.her] round_fan, [npc.name] [npc.verb(let)] out a frustrated cry as [npc.she] [npc.verb(miss)] [npc.her] target!
		]]></missText>
		<missText><![CDATA[
		With a quick step forwards, [npc.name] waves [npc.her] fan at [npc2.name], but [npc.she] [npc.verb(miss)] [npc.her] target!
		]]></missText>
	</missDescriptions>
	
</weapon>
