<?xml version="1.0" encoding="UTF-8" standalone="no"?>
<!-- For a version without all of the comments, see "rental_daddy.xml". -->
<clothing>
	<coreAttributes>
		<value>60</value> 
		
		<determiner><![CDATA[a]]></determiner>
		
		<name><![CDATA[Fitted Tank Top]]></name>
		
		<namePlural pluralByDefault="false"><![CDATA[tops]]></namePlural> 
		
		<description><![CDATA[A masculine fabric shirt with no sleeves, fitted tightly to the torso.]]></description> 
		
		<physicalResistance>0</physicalResistance> 
		
		<femininity>MASCULINE</femininity> 
		
		<slot>TORSO_UNDER</slot> 
		
		<rarity>COMMON</rarity> 
		
		<clothingSet/> 
		
		<imageName>fitted_tank_top_opt.svg</imageName> 
		
		<imageEquippedName/> 
		
		<enchantmentLimit/>
		
		<effects/>
		
		<blockedPartsList> 
			<blockedParts>
				<displacementType>REMOVE_OR_EQUIP</displacementType> 
				<clothingAccessRequired> 
					<clothingAccess>ARMS_UP_TO_SHOULDER</clothingAccess>
					<clothingAccess>HEAD</clothingAccess>
				</clothingAccessRequired>
				<blockedBodyParts/>
				<clothingAccessBlocked/>
				<concealedSlots/>
			</blockedParts>
			
			<blockedParts>
				<displacementType>PULLS_UP</displacementType>
				<clothingAccessRequired/>
				<blockedBodyParts>
					<bodyPart>BREASTS</bodyPart>
					<bodyPart>NIPPLES</bodyPart>
					<bodyPart>STOMACH</bodyPart>
					<bodyPart>BACK</bodyPart>
				</blockedBodyParts>
				<clothingAccessBlocked>
					<clothingAccess>CHEST</clothingAccess>
					<clothingAccess>WAIST</clothingAccess>
				</clothingAccessBlocked>
				<concealedSlots values="CONCEALED_PARTIAL_TORSO"/>
			</blockedParts>
			
		</blockedPartsList>
		
		<incompatibleSlots/> 
		
		<primaryColours values="ALL"/>
		<primaryColoursDye/>
		<secondaryColours/>
		<secondaryColoursDye/>
		<tertiaryColours/>
		<tertiaryColoursDye/>
		
		<itemTags> 
			<tag>SOLD_BY_NYAN</tag>
			<tag>FITS_ARM_WINGS</tag>
		</itemTags>
	</coreAttributes>

  <replacementText type="REMOVE_OR_EQUIP">
    <self>
      <![CDATA[[npc.Name] [npc.verb(guide)] [npc.her] [npc.arms] through the T-shirt's sleeves as [npc.she] [npc.verb(pull)] it down over [npc.her] head.]]>
    </self>
    <other>
      <![CDATA[[npc.Name] [npc.verb(guide)] [npc2.namePos] [npc2.arms] through the T-shirt's sleeves as [npc.she] [npc.verb(pull)] it down over [npc2.her] head.]]>
    </other>
    <otherRough>
      <![CDATA[[npc.Name] roughly [npc.verb(force)] [npc2.namePos] [npc2.arms] through the T-shirt's sleeves as [npc.she] [npc.verb(pull)] it down over [npc2.her] head.]]>
    </otherRough>
  </replacementText>

  <displacementText type="REMOVE_OR_EQUIP">
    <self>
      <![CDATA[[npc.Name] [npc.verb(pull)] off [npc.her] T-shirt.]]>
    </self>
    <other>
      <![CDATA[[npc.Name] [npc.verb(pull)] off [npc2.namePos] T-shirt.]]>
    </other>
    <otherRough>
      <![CDATA[[npc.Name] roughly [npc.verb(pull)] off [npc2.namePos] T-shirt.]]>
    </otherRough>
  </displacementText>
	
  <replacementText type="PULLS_UP">
    <self>
      <![CDATA[[npc.Name] [npc.verb(pull)] [npc.her] T-shirt back down, covering [npc.her] torso.]]>
    </self>
    <other>
      <![CDATA[[npc.Name] [npc.verb(pull)] [npc2.namePos] T-shirt back down, covering [npc2.her] torso.]]>
    </other>
    <otherRough>
      <![CDATA[[npc.Name] roughly [npc.verb(yank)] [npc2.namePos] T-shirt back down, covering [npc2.her] torso.]]>
    </otherRough>
  </replacementText>

  <displacementText type="PULLS_UP">
    <self>
      <![CDATA[[npc.Name] [npc.verb(pull)] [npc.her] T-shirt up to just below [npc.her] chin, fully exposing [npc.her] torso.]]>
    </self>
    <other>
      <![CDATA[[npc.Name] [npc.verb(pull)] [npc2.namePos] T-shirt up to just below [npc2.her] chin, fully exposing [npc2.her] torso.]]>
    </other>
    <otherRough>
      <![CDATA[[npc.Name] roughly [npc.verb(pull)] [npc2.namePos] T-shirt up to just below [npc2.her] chin, fully exposing [npc2.her] torso.]]>
    </otherRough>
  </displacementText>
  
</clothing>
