<?xml version="1.0" encoding="UTF-8" standalone="no"?>

<clothing>
	<coreAttributes>
		<value>10</value>
		<determiner><![CDATA[a]]></determiner>
		<name><![CDATA[guan]]></name>
		<namePlural pluralByDefault="false"><![CDATA[guans]]></namePlural>
		<description><![CDATA[Made to be worn with hanfu, this hair crown is associated with status and adulthood. This particular piece is studded with white jade.]]></description>
		<physicalResistance>0</physicalResistance>
		<femininity>ANDROGYNOUS</femininity>
		<slot>HAIR</slot>
		<rarity>COMMON</rarity>
		<clothingSet/>
		<imageName>guan2_opt.svg</imageName>
		<imageEquippedName/>
		<enchantmentLimit/>
		<effects/>
		
		<blockedPartsList>
			<blockedParts>
				<displacementType>REMOVE_OR_EQUIP</displacementType>
				<clothingAccessRequired/>
				<blockedBodyParts/>
				<clothingAccessBlocked/>
				<concealedSlots/>
			</blockedParts>
		</blockedPartsList>
		
		<incompatibleSlots/>
		
		<primaryColours values="ALL_METALS" />
		<primaryColoursDye values="ALL_WITH_METALS"/>
		<secondaryColours values="ALL_METALS" />
		<secondaryColoursDye values="ALL_WITH_METALS"/>
		<tertiaryColours values="JUST_BLACK"/>
		<tertiaryColoursDye values="ALL_WITH_METALS"/>
	
		<itemTags>
			<tag>GIFT</tag>
			<tag>SOLD_BY_NYAN</tag>
		</itemTags>
	</coreAttributes>

  <replacementText type="REMOVE_OR_EQUIP">
    <self>
      <![CDATA[[npc.Name] [npc.verb(pins)] the guan into [npc.her] [npc.hair(true)].]]>
    </self>
    <other>
      <![CDATA[[npc.Name] [npc.verb(pins)] the guan into [npc2.namePos] [npc2.hair(true)].]]>
    </other>
    <otherRough>
      <![CDATA[[npc.Name] roughly [npc.verb(pins)] the guan into [npc2.namePos] [npc2.hair(true)].]]>
    </otherRough>
  </replacementText>

  <displacementText type="REMOVE_OR_EQUIP">
    <self>
      <![CDATA[[npc.Name] [npc.verb(take)] the guan out of [npc.her] [npc.hair(true)].]]>
    </self>
    <other>
      <![CDATA[[npc.Name] [npc.verb(take)] the guan out of [npc2.namePos] [npc2.hair(true)].]]>
    </other>
    <otherRough>
      <![CDATA[[npc.Name] [npc.verb(snatch)] the guan out of [npc2.namePos] [npc2.hair(true)].]]>
    </otherRough>
  </displacementText>
  
</clothing>
