<?xml version="1.0" encoding="UTF-8" standalone="no"?>
<!-- For a version without all of the comments, see "rental_daddy.xml". -->
<clothing>
	<coreAttributes>
		<clothingAuthorTag><![CDATA[A discreet tag on the waistband of the pants informs you that it was made by 'Miome'.]]></clothingAuthorTag>
		<value>500</value>
		<determiner><![CDATA[a pair of]]></determiner>
		<name><![CDATA[zhongku]]></name>
		<namePlural pluralByDefault="true"><![CDATA[zhongku]]></namePlural>
		<description><![CDATA[A piece of hanfu translating as "middle pants", it is designed to be worn over the underwear and under outerwear. It is also worn as sleepwear.]]></description>
		<physicalResistance>0</physicalResistance>
		<femininity>ANDROGYNOUS</femininity>
		<slot>LEG</slot>
		<rarity>COMMON</rarity>
		<clothingSet/>
		<imageName>zhongku_opt.svg</imageName>
		<imageEquippedName/>
		
		<effects/>
		
		<blockedPartsList>
			<blockedParts>
				<displacementType>REMOVE_OR_EQUIP</displacementType>
				<clothingAccessRequired> 
					<clothingAccess>FEET</clothingAccess>
					<clothingAccess>LEGS_UP_TO_GROIN</clothingAccess>
				</clothingAccessRequired>
				<blockedBodyParts/>
				<clothingAccessBlocked>
					<clothingAccess>LEGS_UP_TO_GROIN</clothingAccess>
				</clothingAccessBlocked>
				<concealedSlots values="CONCEALED_ANKLES_FROM_TROUSERS"/>
			</blockedParts>
			
			<blockedParts>
				<displacementType>PULLS_DOWN</displacementType>
				<clothingAccessRequired/>
				<blockedBodyParts>
					<bodyPart>ANUS</bodyPart>
					<bodyPart>PENIS</bodyPart>
					<bodyPart>VAGINA</bodyPart>
					<bodyPart>THIGHS</bodyPart>
				</blockedBodyParts>
				<clothingAccessBlocked>
					<clothingAccess>GROIN</clothingAccess>
					<clothingAccess>ANUS</clothingAccess>
				</clothingAccessBlocked>
				<concealedSlots values="CONCEALED_GROIN"/>
			</blockedParts>
			
		</blockedPartsList>
		
		<incompatibleSlots/> 
		
		<primaryColours values="JUST_WHITE"/>
		<primaryColoursDye values="ALL"/>
		<secondaryColours/>
		<tertiaryColours />

		<itemTags>
			<tag>SOLD_BY_NYAN</tag>
		</itemTags>
	</coreAttributes>

  <replacementText type="REMOVE_OR_EQUIP">
    <self>
      <![CDATA[[npc.Name] [npc.verb(step)] into the zhongku, before pulling them up to fit around [npc.her] waist.]]>
    </self>
    <other>
      <![CDATA[[npc.Name] [npc.verb(get)] [npc2.name] to step into the zhongku, before pulling them up to fit around [npc2.her] waist.]]>
    </other>
    <otherRough>
      <![CDATA[[npc.Name] [npc.verb(force)] [npc2.name] to step into the zhongku, before yanking them up to fit around [npc2.her] waist.]]>
    </otherRough>
  </replacementText>

  <displacementText type="REMOVE_OR_EQUIP">
    <self>
      <![CDATA[[npc.Name] [npc.verb(pull)] down [npc.her] zhongku, before slipping them off.]]>
    </self>
    <other>
      <![CDATA[[npc.Name] [npc.verb(pull)] down [npc2.namePos] zhongku, before slipping them off.]]>
    </other>
    <otherRough>
      <![CDATA[[npc.Name] roughly [npc.verb(pull)] down [npc2.namePos] zhongku, before yanking them off.]]>
    </otherRough>
  </displacementText>
	
</clothing>
