<?xml version="1.0" encoding="UTF-8" standalone="no"?>
<item>
	<coreAttributes>
		
		<!-- Please note: Item modding is not fully complete yet, as you cannot define any enchantment effects for items. I will expand this at some point in the future, but for now, this modding framework should be enough for most uses. -->
		
		<!-- How attribution to the mod author (you!) should be displayed in the item's tooltip. If left blank or not included, a default attribution based on folder name will be used. (I have commented out this example, as I don't want items created by myself to have author attribution.)-->
		<authorTag><![CDATA[Mod creater: Miome]]></authorTag>
		
		<!-- How much this item is worth. -->
		<value>1</value> 
		
		<!-- What's appended before the item's name in an instance of "Innoxia has X Breeder Pill", where X is the determiner. This will usually be either "a" or "an", but for other items may be different.
		An example might be: "Innoxia is holding X scissors", where X (the determiner) would now need to be "a pair of". -->
		<determiner><![CDATA[a]]></determiner>
		
		<!-- The name of this item. -->
		<name><![CDATA[tape dispenser]]></name>
		
		<!-- The plural name of this item. If pluralByDefault's "false" is changed to "true", then the game will always the plural name when referring to this item. -->
		<namePlural pluralByDefault="false"><![CDATA[tape dispenser]]></namePlural>
		
		<!-- The description/lore of this item. -->
		<description><![CDATA[
			Apply many pieces of tape quickly<br>
		]]></description> 
		
		<!-- How the item is used. This should be a single verb, and is used as the title of the action when using it. -->
		<useDescriptor>Use</useDescriptor>

		<consumedOnUse>false</consumedOnUse>
		
		<!-- 'true' if this item can be used during sex. Most items have this set to 'true'. -->
		<sexUse>true</sexUse>
		
		<!-- 'true' if this item can be either self-used or used on allies during combat. Most items have this set to 'true'. -->
		<combatUseAllies>true</combatUseAllies>
		
		<!-- 'true' if this item can be used on enemies during combat. Most items have this set to 'false'. -->
		<combatUseEnemies>false</combatUseEnemies>
		
		<!-- 'true' if this item is absorbd on use. Most items have this set to 'true'. -->
		<absorbdOnUse>false</absorbdOnUse>
		
		<!-- The rarity of this item. Values can be found here: https://github.com/Innoxia/liliths-throne-public/blob/master/src/com/lilithsthrone/game/inventory/Rarity.java -->
		<rarity>RARE</rarity> 
		
		<!-- The file name of this item's image when in the character's inventory. The only supported file type is .svg. I use the free program "Inkscape" to make .svg images for the game. -->
		<imageName>tape_dispenser_opt.svg</imageName>
		
		<!-- Your item can be coloured any way you like, but if you'd like the game to automatically re-colour your item, you can specify available colours here.
		Red is used as base colour for the primary colour of the graphic in-game, and the game will only recognise and change the following colours:
			#ff2a2a
			#ff5555
			#ff8080
			#ffaaaa
			#ffd5d5
		Orange is used as base colour for the secondary colour of the graphic in-game, and the game will only recognise and change the following colours:
			#ff7f2a
			#ff9955
			#ffb380
			#ffccaa
			#ffe6d5
		Yellow is used as base colour for the tertiary colour of the graphic in-game, and the game will only recognise and change the following colours:
			#ffd42a
			#ffdd55
			#ffe680
			#ffeeaa
			#fff6d5
		ANY GRADIENTS THAT YOU USE SHOULD BE CALLED: "innoGrad1", "innoGrad2", etc.
		You can see a visual representation of these colours here: https://www.lilithsthrone.com/wiki/doku.php?id=modding_wiki:modding:creating_clothes
		Colour lists to be used can be found here: https://github.com/Innoxia/liliths-throne-public/blob/master/src/com/lilithsthrone/utils/ColourListPresets.java -->
		<colourPrimary>CLOTHING_BROWN</colourPrimary>
		<colourSecondary/>
		<colourTertiary/>
		
		<!-- You can use this section to describe any extra features of this item.
		These effects are shown in the tooltip when the player hovers over the item icon, so try and keep them short (as they should fit on one line).
		It should probably only be used to describe what happens in the <applyEffects> element.
		No characters are passed in as parsing arguments, so you should NOT use any character-specific parsing elements (such as [npc.name]). -->
		<effectTooltipLines>
			<line><![CDATA[
				Apply tape.
			]]></line>
		</effectTooltipLines>
		
		<!-- This is what is called and parsed every time this item is used on someone.
		The character being subjected to the effects is given the tag 'npc', while the character using the item on the target is 'npc2'.
		If self-using the item, npc and npc2 will be the same character.
		All of the returned text is displayed to the player. [#npc.incrementVaginaCapacity(1)] [#npc.incrementAssCapacity(1)] [#npc.incrementFaceCapacity(1)] -->
		<applyEffects><![CDATA[	
		<p style='text-align:center; margin-top:0; padding-top:0;'>
[## var output = '';
  var tape = null;
  var bigTape = null;
  var tapeSlots = [IS_MOUTH, IS_NIPPLE, IS_VAGINA, IS_ANUS];
  var bigTapeSlots = [IS_MOUTH, IS_WRIST, IS_ANKLE];
  function doThing(item){
        if( ! item.isEnslavementClothing()){
                var id = item.getClothingType().getId();
                if(id == "innoxia_tape_roll" && (tape == null || tape.getValue() < item.getValue())){
                        tape=item;
                }
                if(id == "innoxia_tape_strong_roll" && (bigTape == null || bigTape.getValue() < item.getValue())){
                        bigTape=item;
                }
        }

   }

   npc2.getInventory().getAllClothingInInventory().keySet().forEach(doThing);
   if( tape == null && bigTape == null){
        output += 'There is no tape to dispense, so nothing happens ...'
   } 
   if ( tape != null) { output += 'Tape roll added: ' + tape.getDisplayName(true,true) + '<br\>'; }
   if ( bigTape != null) { output += 'Large tape roll added: ' + bigTape.getDisplayName(true,true) + '<br\>'; }
   function applyTape(slot){
	    if( npc.isAbleToEquip(tape, slot, true, npc2)){
               output+=npc.equipClothingFromInventory( tape, slot, true, npc, npc2);
            }
   }
   tapeSlots.forEach(applyTape);
   function applyBigTape(slot){
          if( npc.isAbleToEquip(bigTape, slot, true, npc2)){
               output+=npc.equipClothingFromInventory( bigTape, slot, true, npc, npc2);
          }

   }
   bigTapeSlots.forEach(applyBigTape);


][#output]

		</p>
		]]></applyEffects>

		<!-- Special item tags that apply to this item. Values can be found here: https://github.com/Innoxia/liliths-throne-public/blob/master/src/com/lilithsthrone/game/inventory/ItemTag.java -->
		<itemTags>
			<tag>SOLD_BY_RALPH</tag>
		</itemTags>
	</coreAttributes>
	<!-- Descriptions that are displayed when using this item.
	'selfUse' is used when a character uses this item on themselves, and 'otherUse' when using the item on someone else.
	You must define at least one of both of these elements, and if more than one of each is defined, then the use description will be chosen randomly from all those you've defined.
	-->
	<useDescriptions>
		<selfUse><![CDATA[ [npc.Name] used a tape dispenser.  ]]></selfUse>
		<otherUse><![CDATA[ [npc.Name] used a tape dispenser.  ]]></otherUse>
	</useDescriptions>
</item>
