<?xml version="1.0" encoding="UTF-8" standalone="no"?>
<clothing>
	<coreAttributes>
		<value>50</value>
		<determiner><![CDATA[some]]></determiner>
		<name><![CDATA[Bandage]]></name>
		<namePlural pluralByDefault="true"><![CDATA[bandages]]></namePlural>
		<description><![CDATA[Long bandages that can be worn on your legs.]]></description>
		<physicalResistance>0</physicalResistance>
		<femininity>ANDROGYNOUS</femininity>
		<slot>SOCK</slot> 
		<rarity>COMMON</rarity>
		<clothingSet/> 
		<imageName>Bandages_opt.svg</imageName>
		<imageEquippedName/>
		<effects/>
		
		<blockedPartsList>
			<blockedParts>
				<displacementType>REMOVE_OR_EQUIP</displacementType> 
				<clothingAccessRequired> 
					<clothingAccess>FEET</clothingAccess>
					<clothingAccess>CALVES</clothingAccess>
				</clothingAccessRequired>
				<blockedBodyParts>
					<bodyPart>FEET</bodyPart>
				</blockedBodyParts>
				<clothingAccessBlocked/>
				<concealedSlots/>
			</blockedParts>
		</blockedPartsList>
		
		<incompatibleSlots/>
		
		<primaryColours values="ALL"/> 
		<primaryColoursDye values="ALL"/>
		<secondaryColours/>
		<secondaryColoursDye/>
		<tertiaryColours/>
		<tertiaryColoursDye/>
		
		<itemTags>
			<tag>FITS_TALONS</tag>
			<tag>SOLD_BY_NYAN</tag>
		</itemTags>
	</coreAttributes>

  <replacementText type="REMOVE_OR_EQUIP">
    <self>
      <![CDATA[[npc.Name] [npc.verb(bandages)] [npc.her] leg up to [npc.her] thigh.]]>
    </self>
    <other>
      <![CDATA[[npc.Name] [npc.verb(bandages)] [npc2.namePos] [npc2.feet] all the way up to [npc2.her] thigh.]]>
    </other>
    <otherRough>
      <![CDATA[[npc.Name] roughly [npc.verb(bandages)] [npc2.namePos] [npc2.feet] all the way up to [npc2.her] thigh.]]>
    </otherRough>
  </replacementText>

  <displacementText type="REMOVE_OR_EQUIP">
    <self>
      <![CDATA[[npc.Name] [npc.verb(rips)] off [npc.her] bandages.]]>
    </self>
    <other>
      <![CDATA[[npc.Name] [npc.verb(rips)] off [npc2.namePos] bandages.]]>
    </other>
    <otherRough>
      <![CDATA[[npc.Name] roughly [npc.verb(rips)] off [npc2.namePos] bandages.]]>
    </otherRough>
  </displacementText>
	
</clothing>
