<?xml version="1.0" encoding="UTF-8" standalone="no"?>
<weapon>
	<coreAttributes>
	
		<value>5000</value> 
		
		<melee>true</melee>
		
		<twoHanded>false</twoHanded>
		
		<determiner><![CDATA[]]></determiner>
		
		<name><![CDATA[jian]]></name>
		
		<namePlural pluralByDefault="false"><![CDATA[jians]]></namePlural>
		
		<description><![CDATA[An arcane weapon in the form of a traditional Chinese one-handed straight sword. The blade is made out of ethereal arcane energy, which, instead of cutting someone, drains their energy as it passes through them.]]]></description> 
		
		<attackDescriptor>slash</attackDescriptor>
		
		<attackTooltipDescription><![CDATA[Slash at [npc2.name] with your jian.]]></attackTooltipDescription>
		
		<rarity>COMMON</rarity> 
		
		<weaponSet/> 
		
		<equipText><![CDATA[[npc.Name] [npc.verb(position)] [npc.her] jian at [npc.her] hip, so that [npc.she] may draw it at a moment's notice.]]></equipText>
		
		<unequipText><![CDATA[[npc.Name] [npc.verb(sheath)] [npc.her] jian, before putting it away.]]></unequipText>
		
		<imageName>jian_sheathed_opt.svg</imageName> 
		
		<imageEquippedName>jian_opt.svg</imageEquippedName> 
		
		<damage>35</damage> 
		
		<arcaneCost>0</arcaneCost> 
		
		<damageVariance>LOW</damageVariance> 
		
		<availableDamageTypes>
			<damageType>PHYSICAL</damageType>
			<damageType>FIRE</damageType>
			<damageType>ICE</damageType>
			<damageType>POISON</damageType>
		</availableDamageTypes>
		
		<spells/>
		
		<effects> 
              <effect itemEffectType="WEAPON" limit="0" potency="MAJOR_BOOST" primaryModifier="CLOTHING_ATTRIBUTE" secondaryModifier="DAMAGE_WEAPON" timer="0"/>
              <effect itemEffectType="WEAPON" limit="0" potency="MAJOR_BOOST" primaryModifier="CLOTHING_ATTRIBUTE" secondaryModifier="CRITICAL_DAMAGE" timer="0"/>
		</effects>
		
		<primaryColours>
			<colour>CLOTHING_DESATURATED_BROWN</colour>
			<colour>CLOTHING_BROWN_DARK</colour>
			<colour>CLOTHING_BROWN_VERY_DARK</colour>
			<colour>CLOTHING_BLACK</colour>
		</primaryColours> 
		<primaryColoursDye values="ALL"/>
		<secondaryColours values="JUST_STEEL"/> 
		<secondaryColoursDye values="ALL_METAL"/>
		
		<customColours>
			<customColour copyColourIndex="0" c0="#6C5353" c1="#916F6F" c2="#AC9393" c3="#C8B7B7" c4="#E3DBDB">
				<defaultColours>
					<colour>CLOTHING_DESATURATED_BROWN</colour>
				</defaultColours> 
				<extraColours values="ALL_WITH_METALS"/>
			</customColour>
			<customColour copyColourIndex="1" c0="#6C5D53" c1="#917C6F" c2="#AC9D93" c3="#C8BEB7" c4="#E3DEDB">
				<defaultColours>
					<colour>CLOTHING_STEEL</colour>
				</defaultColours> 
				<extraColours values="ALL_METAL"/>
			</customColour>
		</customColours>
		
		<itemTags> 
			<tag>SOLD_BY_VICKY</tag>
			<tag>WEAPON_BLADE</tag>
		</itemTags>
		
	</coreAttributes>
	
	<hitDescriptions>
		<hitText><![CDATA[
		[npc.Name] [npc.verb(slash)] [npc.her] jian at [npc2.name], grinning as the ethereal arcane blade travels through [npc2.her] body!
		]]></hitText>
		<hitText><![CDATA[
		Slashing out at [npc2.name] with [npc.her] jian, [npc.name] [npc.verb(grin)] as [npc.she] [npc.verb(see)] the ethereal blade travel straight through [npc2.her] body!
		]]></hitText>
		<hitText><![CDATA[
		[npc.Name] [npc.verb(slash)] at [npc2.name] with [npc.her] jian, causing [npc2.herHim] to stagger back as the ethereal blade passes right through [npc2.her] chest!
		]]></hitText>
	</hitDescriptions>

	<!-- Descriptions that are used when missing an enemy. One of the missText values will be randomly selected each time the attacker misses their target. Follow the same guidelines as equipText. -->
	<missDescriptions>
		<missText><![CDATA[
		[npc.Name] [npc.verb(slash)] [npc.her] jian at [npc2.name], but [npc.verb(end)] up missing [npc2.herHim]!
		]]></missText>
		<missText><![CDATA[
		Slashing out at [npc2.name] with [npc.her] jian, [npc.name] [npc.verb(let)] out a frustrated cry as [npc.she] [npc.verb(miss)] [npc.her] target!
		]]></missText>
		<missText><![CDATA[
		With a quick step forwards, [npc.name] [npc.verb(slash)] at [npc2.name] with [npc.her] jian, but [npc.she] [npc.verb(miss)] [npc.her] target!
		]]></missText>
	</missDescriptions>
	
</weapon>
